year,treated,cell,n,mass,share,factor
2022,0,0_TR1,428,160.7094601416842,0.0843020872196842,1.0
2022,0,0_TR2,352,39.25243661807506,0.020590339438915195,1.0
2022,0,0_TR3,759,108.0746813787235,0.05669187867221,1.0
2022,0,0_TR4,554,83.46084696492755,0.04378039472015555,1.0
2022,0,0_TR5,565,78.3038220035679,0.0410752150269169,1.0
2022,0,0_TR6,658,112.71169781012213,0.05912428161410429,1.0
2022,0,0_TR7,462,45.356569364739414,0.02379233595334662,1.0
2022,0,0_TR8,448,45.20181967154871,0.023711160133820623,1.0
2022,0,0_TR9,245,26.20782220711063,0.013747629489850786,1.0
2022,0,0_TRA,449,22.956971426563502,0.01204235647233052,1.0
2022,0,0_TRB,461,40.71348904131442,0.021356752123693472,1.0
2022,0,0_TRC,644,95.89467692740283,0.05030271031406772,1.0
2022,0,1_TR1,310,115.85058977885771,0.060770825285448984,1.0
2022,0,1_TR2,247,25.149328557455036,0.0131923838689889,1.0
2022,0,1_TR3,435,65.66952709427267,0.0344477431253648,1.0
2022,0,1_TR4,447,62.56721235805616,0.03282038648285685,1.0
2022,0,1_TR5,361,53.711863940548994,0.028175206578729035,1.0
2022,0,1_TR6,396,66.50712656393611,0.03488711603772775,1.0
2022,0,1_TR7,258,26.235878750197536,0.013762346888193795,1.0
2022,0,1_TR8,281,25.77496315406449,0.013520568048591792,1.0
2022,0,1_TR9,124,11.503294377492473,0.006034191920439057,1.0
2022,0,1_TRA,183,10.129088702296558,0.005313335745662431,1.0
2022,0,1_TRB,220,16.34734475737949,0.008575197019091988,1.0
2022,0,1_TRC,219,30.478507050633475,0.015987868775385314,1.0
2022,0,2_TR1,343,129.0246899237494,0.0676814585392499,1.0
2022,0,2_TR2,243,24.777278185149623,0.012997220355225894,1.0
2022,0,2_TR3,425,68.67289746334083,0.03602319730574088,1.0
2022,0,2_TR4,343,49.93016241185718,0.026191469393441212,1.0
2022,0,2_TR5,444,70.80762429158074,0.03714299403149568,1.0
2022,0,2_TR6,474,72.50228323296278,0.03803194783519869,1.0
2022,0,2_TR7,257,24.861021626459898,0.01304114898822106,1.0
2022,0,2_TR8,333,28.577227017383922,0.014990529383847685,1.0
2022,0,2_TR9,125,12.408567732337804,0.006509063986156566,1.0
2022,0,2_TRA,151,6.963619482795277,0.003652850656618151,1.0
2022,0,2_TRB,193,15.133467378607616,0.007938442987505982,1.0
2022,0,2_TRC,280,33.924232364612585,0.01779536558172171,1.0
2022,1,0_TR1,1255,458.4675901493788,0.1059191687014431,1.0
2022,1,0_TR2,998,104.15134047279733,0.024061948192292754,1.0
2022,1,0_TR3,2285,329.17658893147643,0.0760492375136888,1.0
2022,1,0_TR4,1606,234.2190624980387,0.05411132417395202,1.0
2022,1,0_TR5,1364,188.27432300882268,0.04349677100277467,1.0
2022,1,0_TR6,1860,293.83617786218696,0.06788458849061,1.0
2022,1,0_TR7,967,95.32212258692657,0.022022145513000548,1.0
2022,1,0_TR8,1299,126.25540940715044,0.029168622375484735,1.0
2022,1,0_TR9,716,70.15744571496492,0.016208383074416487,1.0
2022,1,0_TRA,1050,49.052807351131996,0.011332606030910686,1.0
2022,1,0_TRB,1225,106.48605044908118,0.02460133318953188,1.0
2022,1,0_TRC,1567,240.68641351877073,0.055605467835433464,1.0
2022,1,1_TR1,656,234.56748640767964,0.054191820094836744,1.0
2022,1,1_TR2,608,57.55739179876723,0.013297409070862203,1.0
2022,1,1_TR3,1070,156.11200737672465,0.03606635321870556,1.0
2022,1,1_TR4,1041,136.6392367445749,0.031567584446415345,1.0
2022,1,1_TR5,855,125.78957509642485,0.029061001282947772,1.0
2022,1,1_TR6,931,135.90980448868171,0.03139906466480319,1.0
2022,1,1_TR7,609,54.702742726732026,0.012637903223249728,1.0
2022,1,1_TR8,753,62.49842901996649,0.014438930448244179,1.0
2022,1,1_TR9,403,34.9004966469284,0.008063016168505424,1.0
2022,1,1_TRA,472,21.53306066403182,0.004974754888102062,1.0
2022,1,1_TRB,496,39.714507487502075,0.009175190807038026,1.0
2022,1,1_TRC,441,55.46748164533262,0.012814579857044985,1.0
2022,1,2_TR1,577,198.95184545890731,0.04596358507208646,1.0
2022,1,2_TR2,438,40.143690083339834,0.009274344301742966,1.0
2022,1,2_TR3,997,135.44527442516775,0.03129174489079649,1.0
2022,1,2_TR4,794,98.0972919431242,0.02266328926564487,1.0
2022,1,2_TR5,839,116.76158109275953,0.026975275616716313,1.0
2022,1,2_TR6,912,123.97573388959245,0.028641951917382995,1.0
2022,1,2_TR7,534,44.16178237361529,0.010202638916882471,1.0
2022,1,2_TR8,582,46.77417041095656,0.010806175513985498,1.0
2022,1,2_TR9,350,28.611547020024116,0.006610088348089772,1.0
2022,1,2_TRA,334,14.374166848040108,0.0033208449976239044,1.0
2022,1,2_TRB,305,21.384531907735642,0.004940440483478554,1.0
2022,1,2_TRC,448,48.30749032371592,0.011160416411275369,1.0
2024,0,0_TR1,400,158.47382226380677,0.08431484592642959,0.9998486778146222
2024,0,0_TR2,336,37.37819654706602,0.019886797944630892,1.035377313946826
2024,0,0_TR3,732,114.64541182073278,0.060996258535027485,0.9294320673726951
2024,0,0_TR4,504,82.10448083399042,0.043683092592185335,1.0022274551135515
2024,0,0_TR5,459,66.24679874895506,0.03524612803456691,1.1653823360862001
2024,0,0_TR6,616,110.14747311497966,0.058603162921224576,1.00889233049725
2024,0,0_TR7,357,39.08177735851341,0.020793175739957242,1.1442377177443865
2024,0,0_TR8,459,45.325046416829416,0.024114861689153794,0.9832592216145803
2024,0,0_TR9,204,22.858946187090265,0.012161936263496312,1.130381642527916
2024,0,0_TRA,329,17.51969829141129,0.009321228206756266,1.2919280812803093
2024,0,0_TRB,431,40.35256603808254,0.02146928962547051,0.994758210274292
2024,0,0_TRC,667,110.35958489576694,0.05871601545333861,0.856711919664288
2024,0,1_TR1,245,93.09128761330473,0.049528543327129235,1.2269859196961643
2024,0,1_TR2,245,26.476232611305818,0.014086487228271997,0.9365275852812612
2024,0,1_TR3,430,64.76250915773012,0.03445642253995214,0.9997481045927714
2024,0,1_TR4,453,65.25781241035776,0.034719945037457366,0.9452891255285344
2024,0,1_TR5,383,60.757185151181645,0.03232541899833634,0.8716114887846961
2024,0,1_TR6,390,65.56053457159602,0.03488100616426499,1.0001751633377198
2024,0,1_TR7,262,26.051940393236087,0.013860745635854415,0.9929009051716463
2024,0,1_TR8,307,28.061625509614807,0.014929984002971214,0.9055982944054773
2024,0,1_TR9,168,17.20227168334778,0.009152343685833491,0.6593056519259779
2024,0,1_TRA,176,8.710433170918938,0.004634322692967713,1.1465182935415947
2024,0,1_TRB,202,17.525890703963075,0.0093245228348706,0.9196392320498821
2024,0,1_TRC,215,27.79498442800507,0.01478811955247442,1.081129261814099
2024,0,2_TR1,334,129.57618311372244,0.06894006693914076,0.981743440994887
2024,0,2_TR2,225,22.75800040393044,0.012108228792871446,1.073420446339586
2024,0,2_TR3,479,77.99608288683534,0.04149724930923479,0.8680863889868546
2024,0,2_TR4,358,54.903034608286426,0.029210760728577017,0.8966377026880366
2024,0,2_TR5,482,72.51766141283572,0.03858249496115458,0.9626903099162402
2024,0,2_TR6,384,64.10376448080602,0.03410594221994539,1.1151120702056825
2024,0,2_TR7,258,23.19079297053315,0.012338492933976507,1.0569482884177572
2024,0,2_TR8,294,24.034410537933216,0.012787333532379938,1.1722951736488956
2024,0,2_TR9,151,13.236361015014946,0.007042309724503113,0.9242797094693004
2024,0,2_TRA,166,9.853623488310049,0.005242548796803106,0.6967699869280475
2024,0,2_TRB,185,13.249536445014806,0.007049319616323627,1.126128962733293
2024,0,2_TRC,248,28.382302399015437,0.015100597812468228,1.1784543766226574
2024,1,0_TR1,1189,459.37323650180883,0.10483996853135343,1.0102937857117626
2024,1,0_TR2,1004,110.67146995117673,0.025257878572458602,0.9526511944882853
2024,1,0_TR3,2005,304.8856127082565,0.06958219483008596,1.0929410562485826
2024,1,0_TR4,1380,208.89213597533484,0.047674185655382804,1.1350235652707454
2024,1,0_TR5,1255,184.83711929653015,0.042184255047252706,1.031113882514975
2024,1,0_TR6,1701,307.6870681832125,0.07022155402757203,0.9667201108075103
2024,1,0_TR7,1017,110.15104283384515,0.02513910464688253,0.8760115295407503
2024,1,0_TR8,1256,127.09903469862988,0.029007042072459275,1.0055703819307682
2024,1,0_TR9,635,68.36289260439635,0.015602048486620935,1.038862498620966
2024,1,0_TRA,1002,49.09765400478021,0.011205259888500638,1.011364853977259
2024,1,0_TRB,1154,117.22179261923172,0.026752818999590762,0.9195790989318997
2024,1,0_TRC,1467,249.18659857607165,0.05687034654455208,0.977758554572413
2024,1,1_TR1,603,222.1774662477632,0.05070621603289597,1.0687411590657734
2024,1,1_TR2,605,62.85393393294347,0.014344772250517501,0.9269864197657434
2024,1,1_TR3,1083,158.26014493891083,0.03611875332902097,0.9985492270500571
2024,1,1_TR4,1074,143.27216344507713,0.0326981371866266,0.9654245520544931
2024,1,1_TR5,794,115.59888893302568,0.026382433531149156,1.1015284563736734
2024,1,1_TR6,899,145.20608425543801,0.03313950420757965,0.9474814248313833
2024,1,1_TR7,607,60.163471351516975,0.013730744288158342,0.9204091896277538
2024,1,1_TR8,802,75.27427904581407,0.01717939230957437,0.8404796973055394
2024,1,1_TR9,388,37.76217842698404,0.008618233025738694,0.9355764858556165
2024,1,1_TRA,456,25.11465006718116,0.005731764311673953,0.8679273287580789
2024,1,1_TRB,438,34.00774681141556,0.007761381861690157,1.182159436366141
2024,1,1_TRC,511,71.6819822798367,0.016359544199204826,0.7833091008530575
2024,1,2_TR1,634,229.9819378070447,0.05248738325741645,0.8757073075383659
2024,1,2_TR2,476,45.97994743571338,0.01049372462127426,0.8837990929303399
2024,1,2_TR3,930,134.4167319895533,0.030677115757083612,1.0200354276647066
2024,1,2_TR4,759,98.1742994671158,0.022405725124736472,1.0114954610696372
2024,1,2_TR5,847,120.15898585125096,0.027423156802376947,0.983667774323421
2024,1,2_TR6,768,115.41273064007135,0.026339947752648418,1.0873959275224119
2024,1,2_TR7,496,40.92144995315447,0.009339254411111466,1.0924468343793896
2024,1,2_TR8,545,45.27510437480852,0.010332862563032614,1.0458065659990712
2024,1,2_TR9,294,24.65073633854505,0.00562588809415234,1.174941313703063
2024,1,2_TRA,287,13.136461282087893,0.002998054910458447,1.1076665027179566
2024,1,2_TRB,286,19.885541150415417,0.004538356488319878,1.0885968293133204
2024,1,2_TRC,400,44.82876126295754,0.010230996380847098,1.0908435499174047
2025,0,0_TR1,397,157.94202644196548,0.08411019555917597,1.0022814316294535
2025,0,0_TR2,363,41.9392053591275,0.02233423771885573,0.9219181643048311
2025,0,0_TR3,712,111.69030123290395,0.059479375378374555,0.9531350709648166
2025,0,0_TR4,499,86.09913198852936,0.045851094810990374,0.9548385900190438
2025,0,0_TR5,469,66.92030760425759,0.035637634176756174,1.1525797370047437
2025,0,0_TR6,588,106.32214842250639,0.05662062781861733,1.0442180507695418
2025,0,0_TR7,334,37.739446749101376,0.02009770494826711,1.1838334782299644
2025,0,0_TR8,474,47.0631587125376,0.02506293968818103,0.9460646049035554
2025,0,0_TR9,182,21.502567793251643,0.011450943253405607,1.2005674279943817
2025,0,0_TRA,315,16.727556578955515,0.00890806637586168,1.3518485341512356
2025,0,0_TRB,376,34.29105698162726,0.018261304946060705,1.1695085420661853
2025,0,0_TRC,628,105.06065254708992,0.05594883281149578,0.89908417720793
2025,0,1_TR1,287,113.2571477733569,0.060313781343003234,1.0075777696617387
2025,0,1_TR2,216,23.374472450976814,0.012447804382620312,1.0598161300966598
2025,0,1_TR3,449,72.07332393764526,0.0383818132992149,0.8975017114699329
2025,0,1_TR4,437,64.43964419568412,0.03431658563057792,0.9564001161471066
2025,0,1_TR5,328,53.56466365322076,0.028525240788836732,0.9877289656308639
2025,0,1_TR6,395,65.39493222903327,0.03482531320049967,1.0017746527324036
2025,0,1_TR7,253,26.743588169421677,0.014241987908839761,0.9663220455096537
2025,0,1_TR8,260,24.656113926761773,0.013130327695721108,1.029720534164418
2025,0,1_TR9,182,18.389104664748697,0.00979290455082577,0.6161799994190931
2025,0,1_TRA,181,8.771979845156029,0.004671416195158969,1.1374143351150532
2025,0,1_TRB,197,16.88283003092409,0.008990755453015087,0.9537793641374441
2025,0,1_TRC,221,31.24259069515308,0.016637879558359273,0.9609318735182586
2025,0,2_TR1,301,116.98908639081343,0.06230118199880302,1.0863591406748951
2025,0,2_TR2,210,22.347060105259928,0.011900667846101883,1.0921420985195542
2025,0,2_TR3,497,83.58112632025788,0.044510160077224324,0.809325269629255
2025,0,2_TR4,361,53.52435664151464,0.028503775756929892,0.9188771907551052
2025,0,2_TR5,474,72.25729177003643,0.03847978323608097,0.9652599601098627
2025,0,2_TR6,375,59.43003279320866,0.031648775141945786,1.2016878272421023
2025,0,2_TR7,246,23.158946121170764,0.012333028333733797,1.0574166080970058
2025,0,2_TR8,290,26.18638309735921,0.01394525480598218,1.0749555739502952
2025,0,2_TR9,143,13.455350283629315,0.007165490839698206,0.908390525055882
2025,0,2_TRA,156,9.135066821600178,0.004864773956115194,0.7508777775843803
2025,0,2_TRB,220,17.428104366054463,0.009281134980202345,0.8553310564321639
2025,0,2_TRC,231,28.21806890466575,0.015027205534467644,1.1842099012291263
2025,1,0_TR1,1081,427.8956332506474,0.09848752665218291,1.075457698064707
2025,1,0_TR2,975,114.61712084880507,0.02638109825668823,0.9120904656117751
2025,1,0_TR3,2050,332.041229037931,0.0764249897716088,0.9950833849105782
2025,1,0_TR4,1341,212.5714387428996,0.04892696632503556,1.105961154723457
2025,1,0_TR5,1212,180.25642514567676,0.04148911112014765,1.0483900432769715
2025,1,0_TR6,1701,316.9966571734824,0.07296222325255292,0.9304073459443926
2025,1,0_TR7,964,110.2325255457185,0.025371908367342422,0.8679735554045458
2025,1,0_TR8,1270,128.91274502839104,0.02967148160718117,0.9830524394314462
2025,1,0_TR9,608,67.14791329562487,0.015455245126251394,1.0487302493110158
2025,1,0_TRA,915,45.006554903872214,0.010359031341227978,1.0939831783120466
2025,1,0_TRB,992,97.83823705182401,0.022519150069474397,1.0924627756213572
2025,1,0_TRC,1394,239.96314491382978,0.055231637796123,1.0067684040203622
2025,1,1_TR1,527,197.5840832993254,0.04547736914760861,1.1916217035102254
2025,1,1_TR2,584,61.13011536682554,0.014070145611686114,0.9450797054877594
2025,1,1_TR3,1011,151.80776023546798,0.034941162447995666,1.0322024423882452
2025,1,1_TR4,1032,147.28222501265262,0.033899532816287464,0.9312100145300025
2025,1,1_TR5,846,129.93333097577917,0.02990638698569751,0.9717322689914353
2025,1,1_TR6,950,156.34246402909218,0.03598490238369328,0.8725621742698354
2025,1,1_TR7,532,53.86978960634681,0.012399056983352705,1.0192632585056836
2025,1,1_TR8,801,79.19036442117086,0.01822702201300004,0.7921716689619355
2025,1,1_TR9,333,33.03809564061099,0.007604284951971101,1.0603253585881753
2025,1,1_TRA,469,25.205564081651893,0.005801493334756389,0.8574955793362051
2025,1,1_TRB,441,35.60506802016187,0.008195117718189924,1.1195923136860777
2025,1,1_TRC,532,79.16885306479162,0.01822207080499488,0.7032449820978832
2025,1,2_TR1,578,211.2023976706412,0.04861185801680704,0.9455220793287726
2025,1,2_TR2,435,40.65684761551267,0.009357871527473657,0.9910741213442111
2025,1,2_TR3,894,131.2773894532004,0.030215745120791112,1.035610565475183
2025,1,2_TR4,750,95.838427809304,0.022058859637025415,1.027400764979026
2025,1,2_TR5,826,121.29232178578086,0.02791751036072104,0.9662493276860956
2025,1,2_TR6,780,119.80804837524833,0.027575879351382556,1.0386596036491214
2025,1,2_TR7,484,42.28185869096376,0.009731895726757395,1.0483711707710544
2025,1,2_TR8,558,44.966274340763185,0.010349760078040204,1.044099132009224
2025,1,2_TR9,330,29.361712116583455,0.006758102163061417,0.9780983164503398
2025,1,2_TRA,298,13.797862034900033,0.0031758148466762923,1.04566706749274
2025,1,2_TRB,306,22.955121526932047,0.00528351534231133,0.9350669324104405
2025,1,2_TRC,401,47.59268221533397,0.01095427294390246,1.0188185439990936
